{
  "4": {
    "ux": 33333.333333333336,
    "uy": 0.0,
    "rz": 0.0
  },
  "5": {
    "ux": 33333.333333333336,
    "uy": 0.0,
    "rz": 0.0
  },
  "6": {
    "ux": 33333.333333333336,
    "uy": 0.0,
    "rz": 0.0
  },
  "7": {
    "ux": 33333.333333333336,
    "uy": 0.0,
    "rz": 0.0
  },
  "8": {
    "ux": 33333.333333333336,
    "uy": 0.0,
    "rz": 0.0
  },
  "9": {
    "ux": 33333.333333333336,
    "uy": 0.0,
    "rz": 0.0
  },
  "10": {
    "ux": 33333.333333333336,
    "uy": 0.0,
    "rz": 0.0
  },
  "11": {
    "ux": 33333.333333333336,
    "uy": 0.0,
    "rz": 0.0
  },
  "12": {
    "ux": 33333.333333333336,
    "uy": 0.0,
    "rz": 0.0
  },
  "13": {
    "ux": 33333.333333333336,
    "uy": 0.0,
    "rz": 0.0
  },
  "14": {
    "ux": 33333.333333333336,
    "uy": 0.0,
    "rz": 0.0
  },
  "15": {
    "ux": 33333.333333333336,
    "uy": 0.0,
    "rz": 0.0
  },
  "16": {
    "ux": 33333.333333333336,
    "uy": 0.0,
    "rz": 0.0
  },
  "17": {
    "ux": 33333.333333333336,
    "uy": 0.0,
    "rz": 0.0
  },
  "18": {
    "ux": 33333.333333333336,
    "uy": 0.0,
    "rz": 0.0
  },
  "19": {
    "ux": 33333.333333333336,
    "uy": 0.0,
    "rz": 0.0
  },
  "20": {
    "ux": 33333.333333333336,
    "uy": 0.0,
    "rz": 0.0
  },
  "21": {
    "ux": 33333.333333333336,
    "uy": 0.0,
    "rz": 0.0
  },
  "22": {
    "ux": 33333.333333333336,
    "uy": 0.0,
    "rz": 0.0
  },
  "23": {
    "ux": 33333.333333333336,
    "uy": 0.0,
    "rz": 0.0
  },
  "24": {
    "ux": 33333.333333333336,
    "uy": 0.0,
    "rz": 0.0
  },
  "25": {
    "ux": 33333.333333333336,
    "uy": 0.0,
    "rz": 0.0
  },
  "26": {
    "ux": 33333.333333333336,
    "uy": 0.0,
    "rz": 0.0
  },
  "27": {
    "ux": 33333.333333333336,
    "uy": 0.0,
    "rz": 0.0
  },
  "28": {
    "ux": 33333.333333333336,
    "uy": 0.0,
    "rz": 0.0
  },
  "29": {
    "ux": 33333.333333333336,
    "uy": 0.0,
    "rz": 0.0
  },
  "30": {
    "ux": 33333.333333333336,
    "uy": 0.0,
    "rz": 0.0
  },
  "31": {
    "ux": 33333.333333333336,
    "uy": 0.0,
    "rz": 0.0
  },
  "32": {
    "ux": 33333.333333333336,
    "uy": 0.0,
    "rz": 0.0
  },
  "33": {
    "ux": 33333.333333333336,
    "uy": 0.0,
    "rz": 0.0
  }
}